{
	"class_name" : "ViewTrajectory",
	"interval" : 29,
	"is_loop" : false,
	"trajectory" : 
	[
		{
			"boundingbox_max" : [ 55.385411913823503, 6.5199834294531991, 76.726751262540489 ],
			"boundingbox_min" : [ -49.917119214379781, -1.3799740514382743, -2.7892523252514492 ],
			"field_of_view" : 90.0,
			"front" : [ 0.059144005888829551, -0.61292694638739154, -0.78792293085025122 ],
			"lookat" : [ -0.31344644394431415, -2.4076890529998045, 2.9277975360754351 ],
			"up" : [ 0.027771355666605914, -0.78798886476787744, 0.61506284297319647 ],
			"zoom" : 0.059999999999999998
		}
	],
	"version_major" : 1,
	"version_minor" : 0
}